{
    "2": {
        "rural": {
            "population": 311231,
            "white": 226165,
            "black": 45033,
            "asian": 4651,
            "hispanic": 17299,
            "other": 17911,
            "white_percentage": 10.02369805828384,
            "black_percentage": 1.9958755539482065,
            "asian_percentage": 0.20613366201259314,
            "hispanic_percentage": 0.7666966715020102,
            "other_percentage": 0.7938206880902077
        },
        "suburban": {
            "population": 59899,
            "white": 35841,
            "black": 15941,
            "asian": 1381,
            "hispanic": 3810,
            "other": 2919,
            "white_percentage": 1.5884834616627288,
            "black_percentage": 0.7065097196608788,
            "asian_percentage": 0.06120631847761582,
            "hispanic_percentage": 0.16886029934809288,
            "other_percentage": 0.12937092225645228
        },
        "urban": {
            "population": 65098,
            "white": 44694,
            "black": 10615,
            "asian": 1316,
            "hispanic": 4722,
            "other": 3739,
            "white_percentage": 1.9808509761321949,
            "black_percentage": 0.4704598628818913,
            "asian_percentage": 0.05832549972233339,
            "hispanic_percentage": 0.20928040249913243,
            "other_percentage": 0.16571355886155362
        }
    },
    "4": {
        "rural": {
            "population": 548786,
            "white": 386886,
            "black": 88771,
            "asian": 4494,
            "hispanic": 38197,
            "other": 29797,
            "white_percentage": 17.146899153172246,
            "black_percentage": 3.9343563342334784,
            "asian_percentage": 0.19917537671137256,
            "hispanic_percentage": 1.692902061469581,
            "other_percentage": 1.3206116377100061
        },
        "suburban": {
            "population": 19148,
            "white": 10940,
            "black": 5171,
            "asian": 388,
            "hispanic": 1512,
            "other": 1121,
            "white_percentage": 0.4848639566583034,
            "black_percentage": 0.22918021205485256,
            "asian_percentage": 0.017196271954608933,
            "hispanic_percentage": 0.06701227627672347,
            "other_percentage": 0.049683043456486116
        },
        "urban": {
            "population": 64617,
            "white": 39247,
            "black": 18073,
            "asian": 495,
            "hispanic": 3592,
            "other": 3134,
            "white_percentage": 1.739438364439528,
            "black_percentage": 0.8010005748341424,
            "asian_percentage": 0.02193854282868923,
            "hispanic_percentage": 0.15919847644576104,
            "other_percentage": 0.13889978429315566
        }
    },
    "1": {
        "rural": {
            "population": 620653,
            "white": 464733,
            "black": 91830,
            "asian": 4636,
            "hispanic": 26672,
            "other": 31993,
            "white_percentage": 20.597100655364105,
            "black_percentage": 4.069932096885923,
            "asian_percentage": 0.20546885768445108,
            "hispanic_percentage": 1.1821107360137357,
            "other_percentage": 1.4179389913500091
        },
        "suburban": {
            "population": 42558,
            "white": 26944,
            "black": 10963,
            "asian": 527,
            "hispanic": 2135,
            "other": 1958,
            "white_percentage": 1.194165854497379,
            "black_percentage": 0.48588332329478795,
            "asian_percentage": 0.02335679206205904,
            "hispanic_percentage": 0.09462381603889194,
            "other_percentage": 0.08677912496681518
        },
        "urban": {
            "population": 49720,
            "white": 35680,
            "black": 8884,
            "asian": 357,
            "hispanic": 2424,
            "other": 2350,
            "white_percentage": 1.581347895207337,
            "black_percentage": 0.3937414434142932,
            "asian_percentage": 0.01582234300978193,
            "hispanic_percentage": 0.10743237942776303,
            "other_percentage": 0.10415267807559535
        }
    },
    "3": {
        "rural": {
            "population": 301140,
            "white": 219524,
            "black": 10391,
            "asian": 8011,
            "hispanic": 36190,
            "other": 26836,
            "white_percentage": 9.72936702207106,
            "black_percentage": 0.4605321182483027,
            "asian_percentage": 0.3550498315164231,
            "hispanic_percentage": 1.6039512423641682,
            "other_percentage": 1.189379263334756
        },
        "suburban": {
            "population": 82807,
            "white": 51615,
            "black": 6340,
            "asian": 4737,
            "hispanic": 12598,
            "other": 7508,
            "white_percentage": 2.287591693136959,
            "black_percentage": 0.2809906293613934,
            "asian_percentage": 0.20994520682727455,
            "hispanic_percentage": 0.5583469950622767,
            "other_percentage": 0.3327567263793914
        },
        "urban": {
            "population": 90646,
            "white": 59393,
            "black": 3644,
            "asian": 3240,
            "hispanic": 15953,
            "other": 8386,
            "white_percentage": 2.632314897422908,
            "black_percentage": 0.16150313144998701,
            "asian_percentage": 0.14359773487869315,
            "hispanic_percentage": 0.7070415631233925,
            "other_percentage": 0.3716699397199756
        }
    },
    "summary": {
        "population": 2256303,
        "white": 1601662,
        "black": 315656,
        "asian": 34233,
        "hispanic": 165104,
        "other": 137652
    }
}